Accuracy (%),Precision (%),Recall (%),F1 Score (%),Log Loss,Alpha,Fit Prior
88.25910931174089,88.90983487440582,88.25910931174089,88.34375686865006,0.3419710786853786,1.0,True
