Accuracy (%),Precision (%),Recall (%),F1 Score (%),Log Loss,Alpha,Fit Prior
88.48484848484848,88.9078443234523,88.48484848484848,88.59636184857425,0.38190687849487964,0.5,True
